honest_scores,attack_scores,noised_honest_scores,noised_attack_scores,weaker_monitor_attack,weaker_monitor_honest
0.3255775557304076,0.7631560843314252,0.34226801871606694,0.7876585292204058,0.9192287497956599,0.7457426371151381
0.3244384949905165,0.6793042517763973,0.3386155435259855,0.7449893666691654,0.7422821184741887,0.2815224243926165
0.3018427021641918,0.6271555425287882,0.2689054606900218,0.6547749778865778,0.5071163557934244,0.6301237259302529
0.46214032583902104,0.8240822673651222,0.5469236398411469,0.8417952240224358,0.7225363227058476,0.4093699648237227
0.5202718971844967,0.6186709129701394,0.5281056832527359,0.5725608528064001,0.6269046039925296,0.6357048254984524
0.5711597566000796,0.908011640844262,0.5227479270823513,0.9597593956859696,0.5758640273325718,0.42512275006402966
0.3263228480976469,0.71731763796512,0.22133337813785592,0.5992286882280992,0.43269290676265476,0.6382722882012051
0.7350447438036948,0.8776771476724405,0.6615734151839224,0.9998267638647428,0.7074379929284963,0.6889220700367817
0.7930445847154168,0.8403714055581989,0.8175001923928036,0.8071365550552566,0.6343724303450775,0.5880162547679093
0.6170619331153893,0.885681820040782,0.5642182592056038,0.9284925229201243,0.792400297801321,0.5241762878781717
0.40569955629899174,0.7378780779095371,0.28384202396895986,0.710420996874143,0.3827126815274067,0.2584724527015422
0.4281504464673819,0.8857975056713076,0.3776990666347918,0.8922685275147106,0.435041947412174,0.6552533397908673
0.6700035706791784,0.8117780911694074,0.6611394057396618,0.7912344663499763,0.5393879525351982,0.6261751545616614
0.41506984179956696,0.5936926446084394,0.45060083243348636,0.47353341081270933,0.5000230485987859,0.3860418144299775
0.7313651770598649,0.7748093951697802,0.5794119055589533,0.8125060166328764,0.7199036612240874,0.4351704733940195
0.4445773451834604,0.828538279604872,0.4415253008137289,0.7643901003181176,0.6382010451114994,0.42898946971749263
0.3719348852888924,0.6492097629609112,0.4259370392787644,0.5802280942666338,0.6008800668994433,0.4295310044882919
0.5667773824142281,0.6557528842037696,0.5147136919459452,0.626592059840978,0.6509463500174538,0.28721885291648375
0.3803961640506854,0.528927178877986,0.3457785833957747,0.5117870781390702,0.5257648383126344,0.3890809778510847
0.7211126168928471,0.7935721377069859,0.7331649503587527,0.8146750620495756,0.479117969959606,0.3271962681070491
0.4929994759750871,0.7475614403973067,0.4334606231075887,0.7169012230116045,0.7332994613382275,0.4238808272060427
0.6898520516876075,0.8362023622046274,0.6349746890156353,0.9971696386221884,0.4688458205992601,0.5973107428743074
0.6024146903052572,0.8791626879698974,0.5954426733973068,0.7867724191003002,0.785678656460735,0.6251877199759687
0.6708938273256274,0.7692200951356186,0.681512165886614,0.749657430138349,0.7767867933854852,0.6938898113996804
0.735905863493121,0.6771021810141918,0.770397509983402,0.7062352854473217,0.5472287779137963,0.5393216404129466
0.39426098147599203,0.8578557901805435,0.39523350603811347,0.9231477350146018,0.7173385393307407,0.7194976386239702
0.5914160299702669,0.8326739959019233,0.5915772217606435,0.87041161475865,0.8007534859591565,0.4181519607870202
0.5852944130726526,0.9355238087872159,0.6002576379621544,0.9863221357772056,0.38989441716278683,0.44328560751938784
0.48214941865393196,0.5863712394623871,0.4297100760237486,0.5447793062607669,0.7654348373173345,0.313644571840337
0.4269634081672251,0.6894895346226315,0.3011098519389754,0.7252045295000077,0.6517315796987028,0.48423650310088
0.7010533062265426,0.7224610690949219,0.6469493285682975,0.8006293416034365,0.47327334960332057,0.6305873993829711
0.5150388459761919,0.6936698284204954,0.48584116435805197,0.7232187584389562,0.5875351604682499,0.48643110823254726
0.32983830657669577,0.9023159337437185,0.28073249130210337,1.045996789099167,0.6188209525886944,0.5237526513287879
0.4188143171617099,0.593495532941541,0.35053257189582826,0.5899320521734409,0.4779416114998252,0.2490311847796335
0.6634624700033771,0.8730235977668889,0.7272180103144371,0.8531973011013868,0.6795014325448591,0.41972257282052405
0.34264531435833095,0.6590906939431466,0.2927829063183069,0.5558428085639433,0.6957396429574552,0.5714309584947188
0.4146039873696719,0.840883893952676,0.3925588488919015,0.8144726811295322,0.8698155056794767,0.5494498171409947
0.3734821141636202,0.7537480203689134,0.40799846985271176,0.7845461047049779,0.8062120268673965,0.598322686150319
0.5068283466941674,0.6072602843342954,0.5331893971301909,0.6610535677710022,0.6396501280312203,0.5424400836321472
0.6252255014212871,0.8567361317779573,0.5815363705495502,0.9405639416439026,0.7109346167079545,0.5025120309527106
0.6886579273920905,0.8391871990121726,0.6353461498558804,0.8524058122777298,0.874988261599995,0.5285302626837562
0.28152885776976405,0.970057023126542,0.27750251559374217,0.9359156344877922,0.5613849977081468,0.5963345433224714
0.4659038410259724,0.4354360531521302,0.42433340780325657,0.356325796238332,0.6803582813651399,0.386034147267779
0.4388820564591526,0.6584290386853395,0.43102794453468796,0.6474980516069321,0.5462031641781333,0.6854833080464842
0.4227213582678469,0.6236139971410383,0.3710223807640809,0.5620084010284803,0.39536022155025663,0.4683686010735478
0.6021730432219069,0.5701165584237423,0.6271212816219386,0.55812095557902,0.5211759416031576,0.4955018522246182
0.4739966713560119,0.7154631741515606,0.3892090064115247,0.6321884056110996,0.46296189288013745,0.3889548179674878
0.6778461391552466,0.7260152818772141,0.6650350084026802,0.7047541636475819,0.5236857643372823,0.27753205614687426
0.4081868700822563,0.8248628608665777,0.4256727071398481,0.7869486931992813,0.6023865586236883,0.5546311768478535
0.5406020375411622,0.7754720676983133,0.5581712454494568,0.8366305556770095,0.6114842878544324,0.46679840486385415
0.40532961216164193,0.5969888291644286,0.5503995476515134,0.5268122416955235,0.5249207317206073,0.5789904522378141
0.49765734732979167,0.5416449870628565,0.48389570418092875,0.4405008437519244,0.5590228428495426,0.45051784570275866
0.20667859446866282,0.9421518892900528,0.21532737722470463,0.989214344805303,0.7156795518950917,0.38837656456880276
0.31812979463071506,0.7826037529690505,0.31254577680317003,0.8729571640209292,0.8214808983778653,0.35573650719196287
0.589199615074231,0.8462807724105135,0.7035117084159741,0.8926757793392188,0.7498844277377431,0.5354022578463721
0.37598767969283936,0.687005891237996,0.4364289120592392,0.6784759016370053,0.6637937362184213,0.4317416436031563
0.6370948756588981,0.6391435795411785,0.7529828564340624,0.5876242407419651,0.7357449774278407,0.4435324249617339
0.5742164133846888,0.857212306160022,0.5396916939650493,0.8446388362381292,0.6655231410752466,0.5500906125868059
0.6290025557148501,0.77912889713504,0.6389259320132491,0.7554349628931131,0.7467987259579564,0.6656430314704417
0.6493624999630756,0.6656324644352497,0.6524369012527514,0.5935791877669451,0.5842378371828584,0.4452606555303162
0.37987094430626683,0.6577820107586027,0.3107771068620372,0.6585751070198244,0.5719373481582607,0.5944428485828035
0.5045433756936494,0.6479225561356908,0.5251781501908258,0.7252005717724282,0.7133188037568382,0.6574983798384695
0.5554257256099594,0.7395281364993272,0.49612156642993743,0.7907977255138249,0.6555346045559755,0.7332071616314081
0.49504489292155357,0.6482466088641379,0.5582810765655823,0.6694341817935334,0.7842249552244569,0.3551424503639297
0.3848229040940593,0.7887229725535602,0.3722772546870724,0.7852957300217207,0.7100371243878413,0.38123273728601575
0.4730912530062356,0.7438340946099584,0.3818451601072032,0.6850753800451821,0.7148538956102009,0.5612707474504235
0.5039021315985723,0.8084962853065077,0.47031789705966315,0.8739120597963921,0.6908299671998586,0.32123813297564496
0.6438270816953057,0.7243509419255025,0.6466477420577849,0.6381278180454883,0.6688106019100745,0.5403360680712255
0.6204943742352598,0.6137575070049152,0.7252615949358174,0.4851683985285413,0.5124268044648457,0.36123448326930174
0.2972016737592489,0.7209851736920506,0.3492549069493396,0.7172344131277166,0.7147498035113437,0.6179494493309039
0.5308530941193994,0.6381320305989755,0.5364123593835507,0.6127397965219179,0.8207317316636091,0.7754274615927197
0.5163546353163834,0.8905296016703927,0.568922482627609,0.8692600207640107,0.5529569296226822,0.552259254212299
0.4039128147492027,0.7290334632540693,0.4142213307208806,0.7725411898158241,0.6897000795837636,0.38542706202758054
0.6682776691158061,0.6929636210257147,0.6148865439793529,0.7253187156307622,0.3786096370991586,0.4648766644891796
0.5247886649374995,0.7674240413088762,0.5495706651353409,0.8072758520566906,0.48386307680220425,0.49954203649678103
0.3444795364262268,0.6031068092864694,0.3960982711230576,0.6685469530050593,0.47563639701843935,0.5486219572532048
0.5059893837078224,0.5517334248110046,0.6890346797912058,0.4756347140730042,0.42906010246713167,0.6127395996015759
0.5640583206154969,0.7225784795078858,0.5818514173248165,0.8275228137664942,0.755601509565023,0.5824573761407501
0.6521253143410902,0.7330836908683226,0.6232147459287507,0.6818748082991971,0.6686298681119182,0.5737855257022273
0.7250290892636322,0.8552581002749593,0.7808762802552768,0.873833590287629,0.6548503645035088,0.6787716587322251
0.7661531219021661,0.8584691083776685,0.80754392165925,0.9709035931010594,0.7108033016982211,0.7122821825770378
0.5663560623981431,0.7808253749612232,0.6612320384413509,0.8785572845082231,0.5061197616761297,0.7114536432544327
0.6551142250226898,0.8639011298275786,0.7001362527270075,0.9487037650336477,0.7529099138755914,0.6799743494604281
0.6431216718059632,0.8300212521287994,0.5405536049936732,0.8287232532360824,0.5975537865804654,0.48145743642841554
0.47998444807984014,0.8766683765872169,0.4763349483207718,0.7891569138537443,0.6170614183148454,0.722165744025225
0.4572837875469502,0.719071660767603,0.5345982539666748,0.6549153786662062,0.815758723046009,0.6146609001510674
0.5318344603208918,0.7896716705901143,0.6344219658286765,0.7706699397616612,0.3295644903266364,0.7742316355175979
0.5382305074342755,0.8136792025824908,0.4883504726087912,0.7726299801387104,0.44202213527735423,0.4484647879014043
0.3373315542705351,0.884959238202964,0.32437010413447576,0.8418993820172394,0.6206017792197712,0.4470647539774407
0.49733768385317023,0.7717337361952317,0.5366478038832796,0.7575828857819445,0.5453194614611342,0.562996910495918
0.574443589249218,0.7479991109115119,0.5499089663750145,0.7096287965749998,0.6280323883158707,0.36342443381969264
0.6793107084367046,0.748818506783116,0.6638745350844276,0.7178534937547154,0.5099083697081241,0.6285991349817909
0.3743323141914467,0.8257624850607278,0.42894243145772964,0.8313127688861662,0.43555536388605554,0.37374287678942647
0.28371280267758325,0.7429534986858299,0.34456065988319134,0.6835067895741708,0.7077362118351945,0.462085687636922
0.48848495348646714,0.8038888442146375,0.557012099655681,0.8469792941700185,0.5117744828505317,0.587966088228941
0.5682011817473133,0.9160552391254165,0.5984879152385153,0.9728436028745463,0.74253909983605,0.5563152666502271
0.6289594803181486,0.7336864083744545,0.5683992559186103,0.7062165254374105,0.7476921846160456,0.5793063787361789
0.5809402382993862,0.7827417863515105,0.5727100035226335,0.783332570621633,0.7835414387336436,0.6474131758915083
0.7166999698021604,0.7259084135534143,0.6575828901105153,0.8170103514597937,0.828369778863777,0.4627669982974943
0.619624652521485,0.5725522463081325,0.5891426407948999,0.6206132826136354,0.5608518005397984,0.49028808517571476
0.4273291140762804,0.6734139337047388,0.46184263328997194,0.7704229246347319,0.5900252224457785,0.5731498200029265
0.38456669432528345,0.9109286797228017,0.39451979957558203,0.9571861849537059,0.6214366241891661,0.6211475698704179
0.435852776236637,0.7528208687824094,0.5684550684107696,0.8147060424291094,0.7046061570200672,0.5726951625329185
0.5798508352222825,0.8452585474098526,0.5956652568778835,0.8113110605957734,0.41764996643495444,0.5936297689158591
0.47911071150681295,0.8857453814149893,0.5036550453308389,0.8839650967174779,0.8761372291833938,0.4379464302331831
0.45294511522434433,0.783788524978463,0.4512900394035033,0.7379900401862519,0.6539157209745273,0.8862860633103462
0.5055322971021862,0.737696063525781,0.5518092302364727,0.7427286258371413,0.2193519459047558,0.6594639724530347
0.4609029883226987,0.8689923440056966,0.5608821164122767,0.9016088934222932,0.7367362834577049,0.23060146506429077
0.5280622084169047,0.6633663830221466,0.5382445249730692,0.6774700831288806,0.5220725086750855,0.5246969868539021
0.5586578630424749,0.6760470702371063,0.6501058697508816,0.5862053640703175,0.5782271156513712,0.560412124856567
0.4064135057711672,0.8293381030319816,0.40051967410487604,0.7819490092964115,0.7700246971659568,0.632828381069516
0.4688015098328822,0.8837528518954108,0.5334090637803702,0.8130741917729755,0.6228345684223591,0.5038886302153835
0.6013055549244658,0.5291875345038557,0.596584994940539,0.5479201964554801,0.5456609099095564,0.44253196505780934
0.6156823396340282,0.7903840723399204,0.6094959948274159,0.7668305520992755,0.6531709315869841,0.5875147870597937
0.4954459540501121,0.7351727761471623,0.3741085797633316,0.7513579592291885,0.8047077270189418,0.5790880189021246
0.6539389787100829,0.6913952477192927,0.5458856558740465,0.5670750824487102,0.38067406072646076,0.7567661852271037
0.7190903692115251,0.783313701370989,0.7118211648271306,0.7892408894581129,0.88298168333005,0.4729248065855484
0.39911152552617474,0.6681562938109742,0.44432089381126677,0.6069132978866856,0.8472774754604652,0.5222897031253071
0.698403212034825,0.5992228951648246,0.6958348567253522,0.6420238494971742,0.41732758319841673,0.5055105900356972
0.5156207792995379,0.7666524522784823,0.46499283844266714,0.8129453097600311,0.8538244460795202,0.3953100070563413
0.3960050694619635,0.9104566805203121,0.338421408763893,0.9438001485913321,0.523959053685115,0.8160080761097565
0.26130002288366644,0.8448582138249188,0.30646884950361375,0.90137787718422,0.8105459067662255,0.6213498354893339
0.3673158464391411,0.8161129960071147,0.3059939794811391,0.864729035711574,0.35779875107061254,0.5166766466830297
0.3900947994142023,0.6552363357333482,0.44021949750121936,0.6241975749849273,0.6359603787882152,0.5551812744634
0.5131280931190318,0.787790392912792,0.5549151915867928,0.7010739632455635,0.7773141327933547,0.44259026506681276
0.4234186859204948,0.945119721940786,0.5132836011124773,0.9879892152130624,0.693572255542917,0.274327088011932
0.5235104984857114,0.7388241676413595,0.6711881855805154,0.7581354503140013,0.8197462517139402,0.5554948779742894
0.6152923194333837,0.6780992239781612,0.6002243735377711,0.5414865968374297,0.4975775511086719,0.6074465482865077
0.5540828059229778,0.7264683731551794,0.5472251029534252,0.6236027963317234,0.5907714632703105,0.6149268337282698
0.41669767354491866,0.5893625508133284,0.5034274887264086,0.5117177268733742,0.48765456691797215,0.4953627614180026
0.48430124703431743,0.873767017769791,0.48155568612864186,0.8690320820559381,0.7508553128264488,0.375963585432312
0.6683204500982955,0.7240947271096054,0.5746084713858741,0.6401177294210901,0.6205213981713071,0.402665763815652
0.6794317979075931,0.6035285134843219,0.6333626377756014,0.6428334289745455,0.47717665166376266,0.6840983164123736
0.43959646753686377,0.7484981609084536,0.46282986170393764,0.7179051087221231,0.80503317584478,0.6155939116084368
0.5880209474405036,0.804482390772903,0.5152458947494121,0.897255951207202,0.7384573058372857,0.6374256230055306
0.41834390652366255,0.8193168693502931,0.5394667440989521,0.8449192711712046,0.8004292108483136,0.5237323364133568
0.5490218066329839,0.7785201872379225,0.6270770633523781,0.7706918961542844,0.6496015012984899,0.37916241214239865
0.4465632503892246,0.8428390377681865,0.39072412840728243,0.8681499588028744,0.4515280415124993,0.24708833979391043
0.48709686049675344,0.8714460533078484,0.4360180641504041,0.815452158529709,0.7137753344620157,0.6062340931107684
0.436178350073661,0.871182230033233,0.44437340355447286,0.9579423104935654,0.7703299853400817,0.6185094794535619
0.4127236656554651,0.8011869610774116,0.3872684002498216,0.8642128863630932,0.6537258813887431,0.6375343428288175
0.7852646790461696,0.7386918820389519,0.7791014165880245,0.7534859275261316,0.6085485381025203,0.4896482321418804
0.33466442814600816,0.7218818544429545,0.37550291892435556,0.8378758471635894,0.7652653402211987,0.573708185222345
0.5940691183552358,0.8202429387866068,0.5823441104706761,0.7323232086256664,0.5996366417895072,0.6639659346564849
0.5564275167265579,0.8502694487842717,0.6420644149629221,0.8988385784186697,0.670933557047832,0.4516885969285353
0.5402991909298984,0.9261448746814686,0.5923098092387377,0.9983929893145718,0.7401089535973545,0.5760704088506792
0.6008289193051781,0.9097765969026363,0.6621562624337373,0.9395768106890179,0.6251219845222801,0.5051356121838694
0.531209207645162,0.6794010452795329,0.4619986802320548,0.6700664276520522,0.8380528796855619,0.4037988151490701
0.493031289774918,0.5391784510050518,0.4070752192969178,0.415584336472215,0.5364690255805256,0.6248178934437445
0.528435885061048,0.8912657111673464,0.5273231741283603,0.9563777748164931,0.5360658669140509,0.3662940511705694
0.29650105271581123,0.7387583089281631,0.40395238759837565,0.7131596403316081,0.5077251831151569,0.3745409926885955
0.6648417132516388,0.6441472219584117,0.7377873665450985,0.6398649648204608,0.5838687584168487,0.5357197464871343
0.6219700240517619,0.6925269451786765,0.6666603155150556,0.75171130430639,0.8572894620414628,0.6553449558638504
0.8655579752198721,0.9654938197673354,0.9403497672100369,1.0248374399759197,0.6027533720448857,0.3578751280444004
0.3683241400704194,0.6134580773134186,0.3018056161965721,0.5441157815721918,0.4867579770952985,0.4819675566357222
0.6090006662278252,0.792468178667601,0.5225663125388795,0.7332167315890956,0.6722639461853138,0.5569434955791733
0.25526471652504135,0.805290262182628,0.333284887277786,0.762824893626715,0.6587244851659373,0.6708793182274607
0.4158054875463517,0.9131520163384818,0.37936012807315045,0.9544914260256647,0.7366853214147902,0.4055978560874857
0.6994900912541411,0.7342746538145132,0.6513970305759468,0.7990453038128129,0.6751657122662783,0.6282063022748924
0.6208226675193845,0.8415040579243689,0.6573503684685578,0.8716478500490883,0.5551154734430193,0.4167367721332449
0.5562640257054867,0.827002655770992,0.5414071482896641,0.800567422916841,0.5787665703047203,0.6261261132936885
0.3795619843940066,0.756074221421054,0.3722481157273566,0.7474507878266751,0.5059851929852024,0.5774509464652272
0.42637829612246453,0.7958708176021027,0.4468812515659003,0.8790468037943349,0.5502881490097536,0.43253866508945815
0.6350423897489422,0.6267265961665401,0.6455262982726124,0.5592997155106484,0.8035472830006365,0.6807399512922897
0.5810868961179025,0.811882391966718,0.4834859935889705,0.8586716991602387,0.7133373992579106,0.5612921827577769
0.47894470739697714,0.7850290712991862,0.4508081323261173,0.7786047851862754,0.7244539887413538,0.5155358671509881
0.5249378179215141,0.8479105648366592,0.568405262681419,0.877289344724452,0.6279862802261237,0.6669720964475105
0.6112146639171331,0.6654672124716651,0.5700182595301299,0.6669701348142455,0.7716653518977351,0.5536765942877432
0.6373097162373711,0.7599891944552968,0.6179937284277637,0.8218800468844165,0.5727793059630802,0.5294518360474548
0.46069226204537445,0.8887977093855128,0.4432716244395808,0.9206396291246899,0.600848891318876,0.5589853280760856
0.3667077100403256,0.77448020284533,0.21360128312448218,0.7787074667255164,0.5872370212054093,0.6957050757318559
0.32118716096257305,0.7092581707209515,0.327283119538102,0.8451458285016409,0.562796541086307,0.28173617609824025
0.38508248460444633,0.7299619681125263,0.3484209634926824,0.8050130909747845,0.7627565665163238,0.6337260620379034
0.5998650326838264,0.9319672865034164,0.6350102390218155,0.9482618650819796,0.6238073275010164,0.23659868739506426
0.35658025958304845,0.8206103579241895,0.3721553896416783,0.8671399227107672,0.45756380052088275,0.24585891617821068
0.5406467376654291,0.7189059379304742,0.49296053602356105,0.7259348097070222,0.759638198213459,0.46670903878594616
0.47974933865837527,0.8045969895066107,0.5077798506377539,0.7631222760424361,0.8090431844402016,0.3028369578565194
0.548652404060428,0.6366287535489923,0.5195235890459988,0.5332388150184951,0.5009257668074023,0.6163564868469402
0.5242271019891469,0.7626879709363573,0.4829807387690047,0.8865677295443681,0.7409946955292336,0.31768343119407
0.41705176968768726,0.8299692304352662,0.32936822342022715,0.803611196780278,0.6747797969305716,0.4151726315626247
0.8430230115855549,0.7700623623457463,0.8693491347364602,0.8054078443938113,0.4417739565281375,0.6771603663317266
0.478389181259499,0.7566339802364153,0.4693020490517265,0.8325217441376527,0.5799269364206571,0.5963552172121679
0.29331487709224086,0.7111792814081367,0.26238763496345,0.684836074286894,0.6111858080724497,0.3916442971349113
0.4553254032999306,0.7525771410514579,0.3613801922376305,0.7359087108281277,0.6548175410068331,0.6819798840360066
0.43041895588380436,0.6841972885208388,0.49638288515434115,0.71534648529494,0.49511103360325376,0.6226574489096351
0.4911255410938845,0.8786697409457767,0.47418073899770136,0.9103575032400978,0.4666784789519446,0.5221933428383402
0.533267987496305,0.7443919311307782,0.5536971557629163,0.7463850492330113,0.5162263741659322,0.4045903569322757
0.33364076500699485,0.871471949345283,0.3519678332399416,0.8081243695960539,0.5619353341149688,0.6072144853730357
0.7362514886730394,0.8592380161073063,0.6538772112822129,0.9365835168202025,0.6347685849957269,0.571770281680031
0.5925152922752172,0.9615482948650558,0.6337629825750615,1.00731243504943,0.8477974666632293,0.5174273835062188
0.4771168690873733,0.8285258860758695,0.4618212604011399,0.8394408451633805,0.4269790091876992,0.45673983060429185
0.6755315783994356,0.8480144531873748,0.6633792867049434,0.8963015327370404,0.5051030128113158,0.3570575055186091
0.3649238892270703,0.819542033438973,0.2484800044358337,0.6249093509361018,0.76727485061877,0.7145456095452112
0.4953586551421661,0.8629100873448923,0.5689619675466395,0.8667172343855267,0.6412786348523761,0.4013322143744184
0.46952069940494334,0.645079858284324,0.4756947221962001,0.6197094147848762,0.800270015037072,0.4216963464512209
0.6422118141865443,0.9314783397247305,0.6292619294301117,0.8138656077877187,0.6053662364423293,0.2714903311568243
0.5266646725695757,0.6014291528843552,0.4849865241457371,0.6341196466446933,0.4129538076196992,0.30816067272564535
0.43761020180171845,0.7641475740540913,0.4341046214946339,0.7051068145055475,0.4825364659992651,0.35835807989620705
0.4128877374691387,0.586580401740718,0.4511891609944319,0.6715522743529745,0.7538267060976553,0.43645242347257035
0.4343659219235933,0.9484336044179815,0.4294433845316012,0.9399274765151069,0.5343814207279031,0.48710023747576636
0.4496285396185483,0.7692418928252153,0.4779201909054982,0.8092365406376139,0.47499691848000153,0.5177545063503124
0.5241385440094583,0.9420196621524276,0.45849759953462416,0.9073014045447794,0.6327420699696019,0.5436278523477976
0.7263760673460964,0.47808000963683295,0.6164366336768047,0.5274258314132158,0.7299637915756997,0.6248084793224199
0.588438830766195,0.9123515211804977,0.5416676759283408,0.9973841354922304,0.5378086081276591,0.6016334970946011
0.43004676368686795,0.8862564401260542,0.4084784173257744,0.7918133469140778,0.7837631839491236,0.6148929987529068
0.4620659459813844,0.5689193491094086,0.3997472239127891,0.6060008612158575,0.6573105708218793,0.6163693917704075
0.36911447813532783,0.7053157538896712,0.36476306190110147,0.606454158297801,0.5865827839389135,0.6118555549448174
0.6079678142483204,0.8013277652381426,0.5918425558948397,0.7944522220110576,0.8071253966807782,0.603451773961175
0.9113354350987308,0.7801434713744931,0.7982024313071485,0.7957177453490782,0.5527418958905735,0.6674369044543901
0.6664995747645436,0.8960212579718282,0.7108353869821098,0.8304910364694651,0.848181328108235,0.5094203097622144
0.5669110457530744,0.8393047932377447,0.5533100015720094,0.8194476677811513,0.8269440215395574,0.5354457132170055
0.5115354860711743,0.8342895224910021,0.4422889497692049,0.9240986256066271,0.7383750936181737,0.5118585372013911
0.42381855509966626,0.5516387560178824,0.3326428413942363,0.6053588014137292,0.5054603210153584,0.2702151983357878
0.4954164404730015,0.939444729745142,0.6321652917281253,1.001508304781804,0.6390556600149029,0.43388946900032616
0.6652605090278788,0.6546068691551329,0.6357602416070138,0.7524287505790652,0.4031778835261388,0.6487936122002368
0.6256564794718636,0.8467693052066292,0.49778809644692895,0.8278313598593824,0.5765758541697855,0.6432224724370201
0.6760662265838255,0.7392333702509553,0.58862519410054,0.7993375829401086,0.4764797606406173,0.8035021370830364
0.5607571366761145,0.660607335339873,0.5655488865789785,0.6244540901026777,0.600136665058221,0.5468334940278122
0.5613448692862829,0.7754650580586795,0.5169581110341868,0.850358981307026,0.6473965376042606,0.5212859226303177
0.32468800119099,0.8334225154814101,0.309872829439994,0.7657213097924043,0.5716839593530864,0.4868377868978111
0.5751684384137148,0.4995772035964008,0.5724998493049656,0.4497633770650522,0.6686091259452872,0.3149772199455596
0.41647020130793877,0.896589006036331,0.4144368747075927,1.0014735284167877,0.6309291368542673,0.4594220443197597
0.6338540413052669,0.9406958813320028,0.6315006248296666,0.9772308227566948,0.7120893555793708,0.29614803905104153
0.6761387609055002,0.8096376581363312,0.6654536755539066,0.8293911462667076,0.431602016170419,0.5914126482090839
0.6552959905850277,0.8579477508120139,0.7521474282733382,0.8471294640372478,0.5572659269413963,0.5850694828423295
0.5890594765895508,0.5168863469838884,0.5675576051246969,0.49402826053377086,0.48729416872649794,0.5583806238639338
0.49092976424994306,0.8229604666758497,0.557318833315362,0.8184811931087516,0.6353613548144446,0.5391840806537008
0.6134807648405332,0.6606599428484111,0.6259109278211158,0.6553500543757629,0.7929644402954734,0.6293971427626075
0.48823307595812515,0.9007287683254146,0.5454934298047422,0.9416611564950043,0.7360720844272757,0.4281157767257322
0.4913654458316176,0.7471616641635888,0.5248989943419784,0.8492421110655187,0.572328542300958,0.5496428065453532
0.589571434882855,0.7829451158442595,0.6578520222546337,0.7325474477150099,0.5085522911158594,0.4904378091759916
0.45807130852102806,0.7043086362315956,0.6105021642465888,0.7150723141823596,0.5968226532184493,0.4768381605198089
0.6302815399213664,0.8285095887058835,0.6253191548457487,0.8771936328452001,0.8134922585352089,0.4340599962175523
0.4038692773744134,0.7198050997163451,0.4305465576529089,0.7032301929386551,0.7098088805482825,0.517422024921653
0.32433243776612997,0.6396732401569328,0.4381166721765508,0.6890368762326199,0.9633311020864946,0.6542683330481492
0.5299761729019017,0.664880339079049,0.544231006556424,0.5822545945410458,0.7096101791583845,0.37931530594060503
0.6526292452796164,0.5004456996784615,0.4940237474606516,0.6385123957535286,0.5495737907749458,0.7124876191168243
0.6522182288438896,0.7711986070555893,0.6252787727633095,0.7915421618186463,0.7211745065242542,0.3895206818585809
0.2857636729996963,0.6729898383324419,0.2642292429585664,0.670330838044342,0.5039137509998408,0.19224241185905946
0.5956323965222298,0.7783466494540087,0.6036240371635221,0.7355516001978584,0.5704141953464249,0.3764619631553061
0.6260956497365396,0.842657599222654,0.5874411389632617,0.8267511761998076,0.6889879488291815,0.5821394596016906
0.6316001156990717,0.8121678436781302,0.7706423016499323,0.856603762930089,0.30585551793023574,0.5742868789879749
0.5494276449517781,0.8585706418945962,0.6804508714674794,1.001975145255652,0.6979012441578586,0.4979034955258147
0.3108497887552028,0.9150733961903131,0.21311150345912527,0.8371624033382522,0.8657380114061259,0.5497459405402969
0.5095571021185764,0.7542975656193397,0.4540672419094626,0.7484337826274537,0.6925861039848605,0.23663645189851149
0.44501543065700117,0.7930518710020572,0.5085007190479958,0.7257101756577486,0.731759189837704,0.5477223754812017
0.5044305708513408,0.6350810947440811,0.4555704567727539,0.5624539459570849,0.7056925564320814,0.6748800800801772
0.265863606102046,0.6520851861628156,0.2411700923837097,0.6574776918116567,0.5567242975535338,0.6403883790758127
0.5673718683978032,0.9568427356256426,0.5200790950242558,0.9267915198298046,0.5541049710682826,0.5640171430239043
0.47231273111443683,0.850361256474296,0.5568255846954813,0.8704146039682388,0.8613338441007354,0.41995485462941395
0.7196640257474082,0.6219175349188183,0.7153414512575673,0.6635620978955462,0.8765974289008462,0.4713800145731689
0.5532933079624357,0.6455150017334405,0.6286083963378869,0.5704721694907708,0.5945824677916056,0.6047109287110933
0.7539800546355544,0.830501265475007,0.7192702752648171,0.7986285876941835,0.5525374958313486,0.40241170150227484
0.20778449231222457,0.8782621731896902,0.25563390726610297,0.8616764144919368,0.6685586509822214,0.4290345649490776
0.5093469927746803,0.7122084197157887,0.4935257681786078,0.5820514174594245,0.8755950552063744,0.5461440771070296
0.5191460647617966,0.8016092538855252,0.5306956858915198,0.7861501709088858,0.5828855367721708,0.4437833918189546
0.49738137170558433,0.9040286290045564,0.47164994924411524,0.8275230422359195,0.7137092003266421,0.3508638991928981
0.6534739302456826,0.7626735689716876,0.6378943865156681,0.749355599595187,0.6192090501988584,0.5688465037172509
0.45930622183214037,0.8101616727060672,0.4538292388000003,0.8073716058945644,0.5716376333757559,0.7278701595723417
0.3452726845515723,0.939561121049957,0.36028456205799375,0.8269745156040261,0.5400198116551685,0.526943948289479
0.5054342245770349,0.8494897570068813,0.5524473101748016,0.7826767227941163,0.5924329623156958,0.5770381500754019
0.33931505190796507,0.6976575484916613,0.28217381951713116,0.7213349237844674,0.6660758555406694,0.36259384468726896
0.6132732605985936,0.6831045088633032,0.5339739554619483,0.7364920100079239,0.7669488129160399,0.580268075440588
0.5677159158846775,0.39284058920562503,0.6433837712145448,0.5065848382020203,0.734224244858056,0.6601830609038769
0.5243247000756999,0.723967024385681,0.646743701603031,0.7450144355680817,0.5832171417408034,0.30237433550321197
0.5584730138713744,0.7859601752297539,0.616183438200943,0.7465746759272165,0.6299732708950768,0.5565054479702852
0.4476477483606127,0.7847526697141656,0.5261690440053446,0.729570172423723,0.39144629562597627,0.4263147294187254
0.7604244266694568,0.4993342945413066,0.7381200688162504,0.4228355214153199,0.7139076051646711,0.5335757706280655
0.5815566093491585,0.8045744906089325,0.6185151341619768,0.866222462449691,0.7369423560536984,0.6572032730326771
0.3172568655945233,0.7984894239209882,0.34328886228984706,0.7168521401484187,0.8004260467533385,0.6814211364938951
0.53048791208339,0.9098856589325455,0.5409788421816969,0.8633014552392884,0.39332539528854155,0.5096605941515606
0.7124789112805933,0.6762831449105471,0.6615085750428983,0.668613570933141,0.8763552533127807,0.7481014449153064
0.4711625059017992,0.9276268459509406,0.373992749720518,1.0041440751619193,0.4145239041221821,0.6194221713986531
0.6111678920627237,0.8383561831559408,0.6857738777002199,0.8749876444383905,0.6519903610518549,0.4261156626243984
0.4342350025721965,0.7774481591330167,0.4811141322667034,0.7692220122791715,0.4757719347264508,0.6740533335406382
0.5497187641746762,0.7579652932071825,0.5101932324853417,0.795958787326901,0.7292690420653268,0.4253283352379581
0.7539235165490292,0.8286111808178882,0.7751146942611805,0.943993974196127,0.6998268625935475,0.37746994198073974
0.36368086165162355,0.9135635215784585,0.3363026179849697,0.893390209463738,0.5858243823713641,0.6202981518626238
0.3530632206253401,0.8036589699620243,0.40888793135900847,0.8722576604594552,0.6939835421107351,0.5349842897992124
0.6431779545557127,0.8976267606450808,0.6749935800780494,0.9345443370944253,0.4126000814383277,0.5305735771459428
0.40017586436355884,0.9066635795454907,0.4931883849912801,0.9814151191840377,0.538414343752983,0.4824896249456434
0.541960859441262,0.8609117066971887,0.5497762619633861,0.8697176649085573,0.6773354275481258,0.40037238757431004
0.44134552702618074,0.8742967230837548,0.4364595033767521,0.8329291822589387,0.7864977251201682,0.4601549005756047
0.6154901501287703,0.881433121029517,0.6180421223798698,0.8187570298186042,0.7694485980685191,0.6204781930073496
0.5295296875764729,0.5966112074621388,0.6975011243814535,0.5849434623544262,0.6565076216251087,0.6113597949649274
0.642512336927049,0.6278515097327286,0.6838826365677856,0.5671599826358719,0.4972129780236373,0.6613890938281497
0.24108198603192904,0.8697556122216131,0.247829576564441,0.7837786483423533,0.3863131871522639,0.5333977386980966
0.5057624245761572,0.7836407005079401,0.5600829755906738,0.924192919304043,0.5540471502799696,0.6275886481765508
0.5260065849573314,0.7501387818507719,0.5120052445578777,0.6943878152767469,0.7140589875239646,0.3711490584052044
0.4038706156034482,0.7069510289165954,0.4253659187039135,0.6778602299080683,0.6867350251094907,0.4265736178406479
0.45961762319799315,0.6922589749413913,0.520671281900128,0.7000914941174295,0.49671639673378337,0.4864206311371998
0.370965930525266,0.6121711982150959,0.21588126313507883,0.7203612579064566,0.7879990967393807,0.4658355274400353
0.47320833774260973,0.8689486887786133,0.3939556455840286,0.9088868615889857,0.5091376646916006,0.6366381655314344
0.5222995219063805,0.7112000497212932,0.44772222650931776,0.7947739765318479,0.7406634821690667,0.39723498809585395
0.5361983080792426,0.8201538251612331,0.5159609439879164,0.8304499523957212,0.4858290631275849,0.3081352831325342
0.4394166081406231,0.5515618207719921,0.4184753242152614,0.5534919801584036,0.41547353910049806,0.4206508106610137
0.6402424593446234,0.888233676206319,0.6676333613281775,0.9009867546473026,0.7911637990851837,0.6015404615871327
0.5270127725143882,0.7008800962704297,0.5673387587329694,0.774617487001415,0.29995430053430605,0.5002213171771953
0.668991389309666,0.8335642275700792,0.7574564147762343,0.7800510022336975,0.7491946614891847,0.4404270614255412
0.5959189125714265,0.8094289534970921,0.5768814094775525,0.774028868750573,0.7002134615233621,0.6196058234345947
0.5974989694217993,0.7451586734170442,0.5739750261056505,0.8010706313040762,0.5139776379518178,0.5300646457858682
0.5059526025694403,0.7138528587740893,0.47759240080050536,0.7978833059202173,0.5545613026297626,0.5913953942901313
0.4228462107748511,0.8684474070281027,0.36924689921793263,0.7812712606840185,0.6841794911028696,0.5865459709046991
0.5080693921941094,0.8733967636326204,0.5201116297663338,0.844310024621407,0.6885473051740999,0.5564865096030179
0.5739099191621979,0.5158653503403385,0.5007787254420162,0.5457185786946508,0.467164663690575,0.6018974631019285
0.472163675019927,0.47389758155421363,0.5414569858404045,0.5101898556864695,0.6739411251568741,0.5438449255417686
0.5647380208660842,0.9399961353415953,0.5807615381580016,1.0113498101757377,0.580404546758503,0.4283064556089113
0.43756847993844533,0.840851927729055,0.48673744621250853,0.9277922450042898,0.49885457522105797,0.43431942586087907
0.3645558726599071,0.5352529272475518,0.46181801381435394,0.5104762086610061,0.5343009740463623,0.7187374258714146
0.5851212261631811,0.8210423984559632,0.449104877520636,0.8877304305597125,0.7488333750290541,0.47558667656557585
0.385687676392322,0.7971018425303755,0.37769760285940185,0.744991776590661,0.46124130448244033,0.39634786187218723
0.46985153987015416,0.6568815956615459,0.4339905237708016,0.7204652394676997,0.2399195015419841,0.6230322087782026
0.4875663580049789,0.9272316456295497,0.5153629877485998,0.9166318961206139,0.8104680124439259,0.2196199972896563
0.4237711414344987,0.8803623401217426,0.4743235070840282,0.9072682443359045,0.7085416324338994,0.5788762642337689
0.7242470825895612,0.7667705171172453,0.7501417572784022,0.8140197833192637,0.6168960170581301,0.49736765510693953
0.28600723805108935,0.8386566096839928,0.29420964863473187,0.8918607457333942,0.6611668268923592,0.5470391305286936
0.6130130050109035,0.7503151150226588,0.6029440684296792,0.7729998598803569,0.6551393168891976,0.6198345402586206
0.6318558040499146,0.7465045622793355,0.6875478456139433,0.7662529953873609,0.771012656178462,0.40386392132787663
0.39539708432867016,0.8388590489411845,0.3971517373879401,0.7634282457685274,0.7282616687071582,0.6704570547800491
0.47720194185592896,0.876291141666423,0.5790738435769662,0.9034515234378957,0.36808165608420196,0.26762177931129905
0.5946972317654826,0.8770724862804017,0.5642209922289698,0.8383684884740379,0.5460528719353293,0.6328680275181751
0.6534988560839745,0.7066795180686603,0.7631978260404167,0.6772267979500585,0.6444871469516688,0.33637097405528044
0.5725876095460934,0.8741374392385344,0.5017066694216515,0.8986559538322301,0.6550883094240346,0.4115971392405177
0.50035003338475,0.6045003993206044,0.5167905209895284,0.6998620405154553,0.4707526468071626,0.3994850650459955
0.4709324355161879,0.8472197789503538,0.47575842660733775,0.906613092875292,0.7664596717695897,0.3058188259679121
0.42022059817779867,0.567832995064684,0.3780914497727923,0.5636097506434927,0.8524865426619164,0.4007015129201756
0.6529056123815253,0.6160894735888414,0.5716764351088107,0.6048170136464303,0.5504607180651109,0.5878355403047406
0.5431770621536909,0.7941356914232575,0.5990569563152685,0.7513001474820817,0.39076434339323896,0.6069870524599699
0.5444119543928482,0.709567465784382,0.5444705977472403,0.7129221979445948,0.6442043191597546,0.2518261385851053
0.4995148365537448,0.8441346256057174,0.5568777505427289,0.7048337903764204,0.5873063882387144,0.5087361647632654
0.31902882283915124,0.7510107540663953,0.4261299178614512,0.7436182582987818,0.6523388589725675,0.36213582350922213
0.4954974766132842,0.731048249000504,0.5361268471509671,0.6924069490063871,0.7863585860809237,0.504759239028912
0.5703179431322345,0.7605886585262982,0.6281221930360558,0.7505287087818918,0.7865398819796358,0.4947672607524402
0.5438455928061499,0.9324705327732105,0.5211341757752872,0.8418255519590016,0.4254970633004002,0.4404358055655601
0.36132287105138544,0.807959993486777,0.44709639616642877,0.7830766405482694,0.4514530448843284,0.622125426222047
0.6022025175707557,0.7761982494898829,0.694138902125987,0.8659433401493472,0.7117949187348674,0.5196681768154428
0.5246661641535182,0.7444413880021649,0.5589815340831014,0.7558965111211933,0.7228023520222211,0.3804221912573286
0.6771635117107354,0.9247680106980782,0.6641295546217607,0.8576645996644469,0.7853756929020275,0.5208435083437186
0.5091723124934813,0.7969112724955018,0.5124313915469765,0.7695941876443582,0.5851039650063858,0.8346119075751166
0.43636339328160784,0.8142794825457014,0.44572324844718136,0.8221124099502847,0.6504656265721532,0.7698773744733407
0.5488041011766058,0.7898967893374728,0.576872673838291,0.6527460618147948,0.7570642724720379,0.5223279639798732
0.5001556675052827,0.4552399825519789,0.49981965914331306,0.5968524668014903,0.4511492764320862,0.6644732525209491
0.7130928796265923,0.6718441445387214,0.6959097567925595,0.687399643279438,0.6209758714932294,0.7809167409583122
0.27011899788810406,0.8511038337125412,0.26012530519599364,0.866519196409475,0.5379422357165909,0.6574761575713653
0.5675027355171591,0.9234317004011315,0.5678570943127741,0.9702789980734153,0.6152693156358071,0.7704544609141492
0.42215185209479916,0.6033419402923746,0.49585691979319063,0.6370425031404096,0.609730421170196,0.39450010678346437
0.36455919469565945,0.8402942986172199,0.30889157201264433,0.9265655276567384,0.8081620193957166,0.29707318870350974
0.6539715550676554,0.7134369605374021,0.5378796185314227,0.815489614727264,0.5574561972860939,0.6432395885237565
0.6210224691486541,0.7322247994795487,0.5300801175387005,0.6832632435389797,0.5292804990386568,0.43026869528491546
0.4547101302151363,0.8565908895505366,0.4683786435907426,0.7401017019665873,0.7001291948514065,0.6013103710858931
0.6847777175314619,0.6834042201160708,0.7016323475616288,0.581643395550359,0.5130001313387431,0.4509966656861287
0.5076304754148727,0.8890757040476813,0.578117188030071,1.021224082120626,0.8043614086717602,0.7005114281564514
0.34063500269063285,0.9313281306102208,0.4898001039356763,0.8666983560501615,0.3188716196481772,0.39112551056573286
0.5578622768487853,0.661340660504967,0.5482419480132602,0.7516474187982453,0.944253802446878,0.5193581192247811
0.526604312618445,0.8709311530410281,0.5903661309932431,0.8069329248102565,0.6436273803185635,0.5430457754505185
0.45749469150722205,0.8645408366121248,0.4228556832917028,0.9423545336574414,0.6334516216805022,0.3789608615495359
0.46775678981930474,0.8607957355026474,0.5341120208095759,0.9379984488553504,0.5919291134078796,0.5130072249049552
0.6326624765008292,0.7635115258067522,0.6499270202137726,0.7775317213945286,0.8783958679745318,0.5926639647984896
0.26706477411482094,0.6286155827772427,0.19555820619520686,0.5903939678750155,0.6821844595591607,0.42692482656682
0.5237708286497791,0.9086207583137315,0.5435613862644681,0.9776396120323303,0.6287100863135603,0.7157275651362005
0.30867426271402354,0.8803345908308048,0.3402384451552465,0.8471852935396126,0.7791854828335009,0.6563261115583928
0.6577560513602696,0.8325171523053776,0.6811844558831592,0.9262274317340617,0.33181617820968784,0.38893002487700556
0.34824112299095705,0.8755382660143677,0.3319428885323082,0.840436753249801,0.7733558332351872,0.4624479544961871
0.48953994200688566,0.5048238404535355,0.5782655119352049,0.5880481820623936,0.5785032241315631,0.4242827494740556
0.7015471866261863,0.7639700803793726,0.7702686250574129,0.7224260648362327,0.8112057513645443,0.22313598498466414
0.5408601140190376,0.8040539550073377,0.5825008317780195,0.7595249017646355,0.7814421925152496,0.32763091538552197
0.7492116893625582,0.9018155061572645,0.7077646824264687,0.9440776042006894,0.5632106268830886,0.25979632726123475
0.4802480729507399,0.8750864579595867,0.4570156087501895,0.8762701570812305,0.6666635560206629,0.5889841408590313
0.43975544203371714,0.8859094384806827,0.4894078582730821,0.9243898927860201,0.6311114133802009,0.604932943721254
0.3940434536919151,0.8386018204699152,0.49674310788479475,1.0059710249469236,0.7689658203871974,0.4835788450606124
0.577471263149119,0.5355190544143155,0.6397535141193823,0.4802152100635511,0.6462358185987725,0.6168337350533727
0.33674455091151806,0.2772789220751468,0.32622509977638103,0.25631618374298254,0.7937665096920181,0.5964873729145038
0.6041376605164251,0.8691429214570502,0.6140714046884409,0.8773697631054518,0.769367581148267,0.4071091727962341
0.6464835813263543,0.8454760902214306,0.7210667602416605,0.7823469705825167,0.6355587289043526,0.5756470643052056
0.38282365352673875,0.808100449915739,0.3053843778335083,0.7088702008984757,0.8029488668297032,0.5022591628723423
0.4534704312946907,0.48154291556021056,0.36968603196205446,0.42635526031898235,0.6308448950692219,0.5265006321959445
0.5812695255442568,0.6696276546502063,0.6447357534278574,0.7140275419385951,0.7352142814978027,0.40406543553999713
0.676669668866324,0.8960802092925686,0.6853579925233374,0.8536107191762432,0.33222654766163884,0.5358538782249402
0.31622166055277556,0.7470697352335266,0.2602628117513615,0.7050608481579489,0.639254529539764,0.6467594464870321
0.43884627740651944,0.6806131057616255,0.4279491712748786,0.7097573723387244,0.7442248760778163,0.49641357123590757
0.7026303145033848,0.7668385025616731,0.6820769419733551,0.7063184714922922,0.7244181828675689,0.6359358574097729
0.45344938184594397,0.8983939330204608,0.4841597460667448,0.9534845663587499,0.8055603399457016,0.5377226152205347
0.5277921573649669,0.7225733274200162,0.5207738808846202,0.8384325413846024,0.6177245487208275,0.6460585121909581
0.5741682862820016,0.6375276645403335,0.6007791993876391,0.6546293273601402,0.6273429764462363,0.3415712166958224
0.5041511345200452,0.9232835359057269,0.5996723638640207,0.9500472953345864,0.5707593011017672,0.6564364445420003
0.5749485869666734,0.4951591071005195,0.5869488574057677,0.45252762732694596,0.6774577020434848,0.6719416173469515
0.4484313750197516,0.9555126270284712,0.4425583078097963,0.9725813949633849,0.3185457142184361,0.38402344034016694
0.4562585307258382,0.7959661244058107,0.4259675756730355,0.8249190288530828,0.6424338979639966,0.581063733599544
0.5228667882911888,0.7072813940766024,0.49480027055374576,0.6312305538101705,0.7892590743884661,0.4152619283000585
0.4423900456191366,0.8076466359951839,0.4363804948567618,0.7501337853472456,0.7870052788149459,0.4079520122758029
0.3771081730971417,0.8364001581444402,0.43880801440536465,0.7879336749755056,0.2888769488360504,0.2782855315538123
0.4849414543250169,0.8746329383278278,0.5326997458966949,0.8873460259238449,0.787681833169718,0.3468578732476709
0.38520934142685154,0.6370196949788867,0.2968751533570987,0.6054109292210808,0.7166050985260134,0.6019277583434581
0.3737202194318535,0.8201648599384842,0.4865360057950348,0.8317678675989129,0.5983587341196749,0.6311839739271562
0.6359602292828925,0.6289607981982868,0.6033373144976215,0.5996492332392336,0.6423394894489636,0.6847287542258038
0.48944565805740753,0.7503221481900906,0.45699832662751405,0.8161680079612695,0.5794240312929235,0.6351634205574751
0.4754148106026922,0.8186337490518736,0.46542650333181446,0.807849137050385,0.5848656951343785,0.42747173599144117
0.5957757437806551,0.6604372954767325,0.7194995470066786,0.5996589461863799,0.795910922526599,0.5977227641900044
0.5209630705436293,0.7298621425649696,0.5595547425664247,0.8277128011359458,0.7831151137044361,0.2938734970970768
0.5695842536567635,0.8591641099659415,0.5836037603787998,0.9832996575420111,0.5596330076550564,0.42812552136445864
0.5456267911432158,0.910449558692051,0.5108399288270101,0.956736079206925,0.8225993420453126,0.5262175394943116
0.5667762428074509,0.7889636832197884,0.577724883901573,0.8167715428693967,0.8011938692566507,0.5870392013608888
0.4931120555335267,0.5670312693116335,0.6300130271255833,0.5654934340412165,0.8322856374715617,0.7557023833763434
0.6417538129399224,0.7966771107994987,0.6942134284257325,0.823360170712736,0.4486327791075057,0.6910162759563601
0.5230029262093489,0.7544707329454702,0.49655132748313,0.6901560274048288,0.5114890172188274,0.618652811642956
0.7637960630007172,0.7421894682375741,0.7432930362144913,0.6730562684760522,0.8559117813585672,0.4614036676671203
0.5920397651793303,0.739764042436197,0.6284554257056189,0.7748137466347228,0.7918115864622222,0.35520641946419357
0.6609842140531487,0.7717832538987994,0.7188629735847917,0.7005759577289422,0.5461897486337755,0.39275014421521515
0.3976035827418714,0.8068012755439592,0.32878382563925557,0.9160298768745534,0.6216713956753489,0.5361035328516588
0.3722535314310107,0.7442020117203166,0.3957222100888709,0.6971001725016527,0.7360697735790174,0.7916895944590014
0.3389264477281009,0.7237545456849531,0.3823233583192882,0.7566070824977836,0.7162404358591826,0.4080535220513138
0.5162120804337073,0.7448199965045061,0.5918780910328733,0.670481700466967,0.6689441940623727,0.42293140153429876
0.32375164885254165,0.7112904286019787,0.25148862711554293,0.7101669360460302,0.3737382813968085,0.5691561289214457
0.6071913584364951,0.6029745960745105,0.7456165502413816,0.6280433544935586,0.7361938721899471,0.5911315836329661
0.7117186843825892,0.8001994234157364,0.687394083337005,0.7744663680938382,0.6668506678512732,0.46650097961398157
0.559346568020303,0.4006686099818185,0.5330610367989886,0.36279984474090976,0.5067864639439111,0.5497899371723961
0.4079715242866155,0.5411993228800651,0.3779777176258714,0.5250163145697924,0.6103974274891141,0.5246876702365517
0.4937721014255606,0.6515830023077988,0.5290309118047805,0.7299084688547283,0.5306583027364519,0.5012871823390308
0.6857761953366154,0.7000613536124202,0.6301836996824149,0.7607698927141356,0.5821968436383447,0.49817662599486673
0.5573217210961979,0.6240616042702235,0.6615406545603777,0.6904301468529112,0.5805876275816131,0.40664164895267024
0.7301907158510109,0.6435377095388768,0.7026177430006072,0.7058670347005185,0.5542831617001399,0.5377013329123067
0.48126922855434334,0.803276233062245,0.48881854664227903,0.8944634405895677,0.5893071352434897,0.5606603432040391
0.38440305213665354,0.8227783336331917,0.3172062579566557,0.8714890284117461,0.6329850805860968,0.534693565772635
0.681168747819792,0.9055058416784264,0.6498555305510201,0.7686148603448545,0.5057303497867927,0.7886990169913335
0.37419322399190513,0.8138011901334454,0.2533874208534597,0.8523801447652469,0.6894503625310763,0.6229916108476693
0.45896213148233816,0.7635774611307741,0.45723962750919883,0.7906296700245378,0.7996297524484947,0.7460114114389297
0.376788158424399,0.7393516518574675,0.37059961097077154,0.7260720565512813,0.5859366549703473,0.4705643352321614
0.5077775552843926,0.803510474155468,0.40209876584572773,0.7151536968828786,0.5260646647061294,0.5305691787423078
0.41804165539752325,0.7736457824341316,0.40693165218440014,0.7328027922233743,0.8052443848696035,0.716477136417148
0.5668344767296774,0.8893820224355793,0.5970790860031576,0.8693897275315272,0.5577526821400293,0.3565412497200426
0.5207082270504163,0.7562591647611493,0.6019822329254585,0.8087535169689307,0.6590786684502973,0.624270166936715
0.33540698176684663,0.9370850518640983,0.2809298495578576,0.9802845366757076,0.5239942718652103,0.6179287460027282
0.5117434458696724,0.7122022009758168,0.4026607705440439,0.6426303507497453,0.6464719845490525,0.4656560489145942
0.6946242230515035,0.9413849950129658,0.6872602492341788,0.977960473061732,0.8289995630497631,0.39546879102210464
0.42070242268760955,0.5090744948170907,0.5283715837093833,0.39389958131066594,0.5165804518746759,0.7612905037395465
0.4096480693428342,0.7918998481783187,0.39041749853337887,0.766301738446129,0.5180415488956632,0.7742579459334381
0.5078404624877703,0.6965275591360612,0.47956393132521324,0.6955614277074987,0.3893847405875709,0.2155025546431798
0.34522644523231966,0.8532112832020632,0.4102707908800217,0.8980318735830203,0.732520343106835,0.6417566258756637
0.46365077043540687,0.6378422631704943,0.44089737389039474,0.6223717562237382,0.7381700987729926,0.5476868607300399
0.5507364602634741,0.5381521060290163,0.5290000272043747,0.5718494181287677,0.6085864692634995,0.24476707954516425
0.4082251983223983,0.7577794895058718,0.36736095826622706,0.7755006684953031,0.6180173830307893,0.31017723533531316
0.47306988034896685,0.5884606423677723,0.47998234736322665,0.6177129505062485,0.8503554898140874,0.6804544461671278
0.48205854869910647,0.6340134604489428,0.4810040667603055,0.6737729964180117,0.48693628460063054,0.49729275322900734
0.6497610667213158,0.6994684157227847,0.6595191760682163,0.6825172297709707,0.5884766058553705,0.5598700196325083
0.6814104328349172,0.6948127578332867,0.6875821252472334,0.7476803377934176,0.6933595453788718,0.5339294024528086
0.4267766688955885,0.9453335716545866,0.3333278257229038,1.0385944338742705,0.5947315068991527,0.638562391119002
0.6702434151994132,0.8300760098362772,0.7091742319220544,0.820507013999874,0.4989969519845988,0.5930080497415747
0.6419606336948508,0.8449577271986446,0.5584240475215586,0.7092127106730811,0.7259987161043754,0.6335564304578865
0.5501705675466708,0.7104842960303244,0.5321311625651913,0.7499521602277078,0.7006748408234678,0.7090232905164133
0.157473976691612,0.7736155168504308,0.2325588946894364,0.7749411020500129,0.816211220727794,0.388909281726698
0.5277525833234058,0.7622139614542867,0.5634759567152156,0.791134916377551,0.8213699301252805,0.840041995573298
0.526319290890843,0.8290442732289821,0.6182464578553828,0.7812504217469778,0.6704271856973045,0.5195792585012599
0.4853699384047369,0.6136019475986741,0.4565853716562993,0.5858416405596336,0.609770965183595,0.6702126628302804
0.5547062441955408,0.7999014444114588,0.5214020339152217,0.8033056747747578,0.8562172189318961,0.7302031360302236
0.3713821986079745,0.7070258394320666,0.4419196890427914,0.6965408790093554,0.8394048789565667,0.4412628724058817
0.431853865019587,0.8306676022438153,0.44088200757605667,0.8273927583096322,0.6220502619555273,0.4046350233393449
0.5251706599189084,0.9146326503934954,0.6497912046678,0.8850623987199309,0.7715227469966296,0.4239213963213656
0.42406534192910467,0.8243760512087923,0.36883425982044554,0.8165412618949077,0.5305128534160694,0.7752909441469978
0.5620923751580067,0.6871662317895587,0.6060904768880299,0.7281925444004059,0.6212311133191125,0.7227057792283554
0.5620059293363122,0.5379868141169143,0.6001709924041236,0.5702463200556849,0.6446735581507241,0.5315611024617208
0.3719861636701464,0.9295907227414205,0.44346510216316465,0.8537513168477707,0.6894572907628541,0.6219277910899663
0.38605047232432127,0.6400509481080583,0.42348615987138627,0.652869323656337,0.4781169746220571,0.6769285402661576
0.8202954474882344,0.7241918283566301,0.8629363179843448,0.680450714734999,0.5455122482168475,0.5260810742048777
0.6567995702923023,0.5673731665160934,0.6673564839886983,0.5897877601026892,0.27359385140658105,0.35741387025977606
0.5268135021499768,0.6210612181514708,0.5860454542644953,0.6925780273077957,0.706925042598392,0.5611612045227216
0.3757673999539575,0.5375937442787831,0.3479785792150238,0.586862671659995,0.6460033602077019,0.40124731477238346
0.6390312700595338,0.9077102418091932,0.6950783096871466,0.8682110854787722,0.5561350218141188,0.7033154923479245
0.7223836326039055,0.8547856599515136,0.8356037004678967,0.8603640618861534,0.7714305078209959,0.7145250165854858
0.32753062798361515,0.8244453074435538,0.2861422315138785,0.8474785644779552,0.7661595613675763,0.4837223611700945
0.28256466043966416,0.8917544677835088,0.32557969324027003,0.9190768248049022,0.6958322227591311,0.607715527430341
0.5494076559839536,0.5315286724167673,0.5759562231522743,0.48018953869239184,0.7753932395573431,0.34270126208002055
0.4126528818253432,0.890708427636006,0.35676223003626073,0.9224641230455765,0.4152671297786305,0.6110510110431553
0.26431080776068855,0.7372091025839298,0.2710707605813748,0.7563643955497992,0.7864991933391499,0.7090255708104436
0.5143313633452596,0.8051301532859721,0.5687538990776108,0.7477707769780967,0.6229682721066482,0.49994128493723333
0.6899166860791791,0.7820780253447052,0.736281688421068,0.8037612434746509,0.58061400426604,0.5541201718916905
0.4735700142752438,0.8272857310382601,0.4219442693274023,0.8005214178583939,0.543614039341175,0.41585525092864184
0.3693815605613593,0.794614283016022,0.386338883998863,0.7407515438266252,0.8506491728105864,0.43285808583432983
0.28076878836435404,0.6812539487196438,0.30956245004882926,0.6572477395628273,0.5449394217805759,0.2553177352447203
0.36373895522983835,0.8056443602777342,0.4192246105718566,0.7486127097399106,0.583631092290811,0.5249466789827384
0.6411145618703201,0.8281146496662851,0.6445592425783465,0.7850172866894314,0.6625141553926391,0.683646928319459
0.4426841952971278,0.7370794191524842,0.40928869070586443,0.8259270037446025,0.8049410947576008,0.2996576548821597
0.31459027740398005,0.8097802857762438,0.38193101906041177,0.7320441986330621,0.6404174625654602,0.5692539788264132
0.5984828022300622,0.6353046313757995,0.5341908242565097,0.6821348050605681,0.6422320358721918,0.45286047811539093
0.6178369211454752,0.664112468582177,0.5797813021507168,0.692132959486765,0.5632722939953922,0.6352095184243571
0.7751951043711842,0.8731964532200007,0.8215228752883311,0.9645848237229224,0.5878457162936714,0.40074361039585715
0.4303011790572684,0.562991528024656,0.45028107930615024,0.6830699430684931,0.4825830487789952,0.4528733616359486
0.4111415793879524,0.8188394919348803,0.4202537655361599,0.8101371077375468,0.5406293689429471,0.34235628658335426
0.18676180411077084,0.9099341560926231,0.13875966816549826,0.9289336933181018,0.2610090765972196,0.6705748271859966
0.501710036081858,0.9070105752415569,0.5567148381444724,0.9109075186336753,0.7137634892375112,0.4184439757093594
0.6839998700668114,0.6084387409160865,0.7187076158813376,0.5422691566383648,0.4452483295150383,0.6133341417874315
0.7279639826164656,0.7701805090683967,0.8452394138005351,0.7439324174562516,0.5219752293467015,0.6038115676550694
0.7072522451614452,0.698397153865862,0.7492737082341507,0.8645010371901254,0.6944843979667351,0.4452346508546495
0.4653927840796865,0.4993425799895735,0.3823683233839251,0.5247628110949815,0.6804524812986512,0.551629105981054
0.4731366201923013,0.8778889362673792,0.4794512158557862,0.7845164952485132,0.6721519585327751,0.433094121254284
0.35075205153873024,0.9407478854011584,0.3454323598965413,0.9787101749967281,0.5056433311547678,0.24803178954222815
0.5825652079014441,0.892677523647596,0.5731548862423365,0.9559177612148452,0.43119202922426225,0.503468806564161
0.44966861408697256,0.7782831847896039,0.43773540387706916,0.8207865837945502,0.6935229665219987,0.4365040243348045
0.6848059556871423,0.9484582351486966,0.6946919943323557,0.8608706579261192,0.5707751197227497,0.4046523819580768
0.6330555345300042,0.8175211911920642,0.5887088518211168,0.8334096118006595,0.590043889794745,0.6220787825640344
0.5796305339314765,0.851449835269589,0.4842504179631442,0.7535611754561361,0.7255034347077322,0.5233128783351015
